Id,domain1_var2_pred
10003,0.0
10006,0.0
10010,0.0
10011,0.0
10012,0.0
10013,0.0
10014,0.0
10016,0.0
10018,0.0
10020,0.0
10021,0.0
10022,0.0
10023,0.0
10024,0.0
10027,0.0
10028,0.0
10029,0.0
10030,0.0
10033,0.0
10034,0.0
10035,0.0
10036,0.0
10037,0.0
10038,0.0
10043,0.0
10045,0.0
10047,0.0
10048,0.0
10050,0.0
10052,0.0
10053,0.0
10055,0.0
10057,0.0
10059,0.0
10060,0.0
10062,0.0
10066,0.0
10067,0.0
10069,0.0
10070,0.0
10077,0.0
10079,0.0
10083,0.0
10085,0.0
10087,0.0
10091,0.0
10093,0.0
10095,0.0
10096,0.0
10099,0.0
10100,0.0
10101,0.0
10102,0.0
10103,0.0
10104,0.0
10106,0.0
10107,0.0
10108,0.0
10109,0.0
10110,0.0
10112,0.0
10116,0.0
10117,0.0
10119,0.0
10125,0.0
10126,0.0
10130,0.0
10131,0.0
10133,0.0
10135,0.0
10137,0.0
10141,0.0
10144,0.0
10145,0.0
10146,0.0
10147,0.0
10152,0.0
10156,0.0
10158,0.0
10159,0.0
10162,0.0
10165,0.0
10168,0.0
10169,0.0
10173,0.0
10176,0.0
10177,0.0
10178,0.0
10183,0.0
10190,0.0
10195,0.0
10199,0.0
10200,0.0
10205,0.0
10207,0.0
10211,0.0
10212,0.0
10214,0.0
10221,0.0
10224,0.0
10228,0.0
10233,0.0
10235,0.0
10238,0.0
10239,0.0
10241,0.0
10244,0.0
10246,0.0
10247,0.0
10248,0.0
10249,0.0
10251,0.0
10252,0.0
10254,0.0
10256,0.0
10258,0.0
10259,0.0
10261,0.0
10262,0.0
10264,0.0
10265,0.0
10266,0.0
10268,0.0
10270,0.0
10274,0.0
10276,0.0
10280,0.0
10281,0.0
10282,0.0
10283,0.0
10285,0.0
10286,0.0
10287,0.0
10288,0.0
10293,0.0
10294,0.0
10295,0.0
10298,0.0
10300,0.0
10303,0.0
10305,0.0
10307,0.0
10310,0.0
10311,0.0
10312,0.0
10313,0.0
10315,0.0
10317,0.0
10319,0.0
10320,0.0
10321,0.0
10323,0.0
10324,0.0
10326,0.0
10330,0.0
10333,0.0
10335,0.0
10338,0.0
10341,0.0
10342,0.0
10344,0.0
10346,0.0
10347,0.0
10350,0.0
10352,0.0
10353,0.0
10354,0.0
10355,0.0
10357,0.0
10359,0.0
10360,0.0
10362,0.0
10364,0.0
10370,0.0
10371,0.0
10372,0.0
10373,0.0
10374,0.0
10375,0.0
10376,0.0
10378,0.0
10379,0.0
10380,0.0
10384,0.0
10385,0.0
10386,0.0
10388,0.0
10389,0.0
10390,0.0
10391,0.0
10395,0.0
10398,0.0
10401,0.0
10405,0.0
10406,0.0
10409,0.0
10410,0.0
10411,0.0
10413,0.0
10414,0.0
10417,0.0
10418,0.0
10420,0.0
10424,0.0
10431,0.0
10432,0.0
10434,0.0
10435,0.0
10436,0.0
10438,0.0
10439,0.0
10443,0.0
10446,0.0
10447,0.0
10450,0.0
10451,0.0
10452,0.0
10453,0.0
10455,0.0
10456,0.0
10459,0.0
10460,0.0
10461,0.0
10464,0.0
10465,0.0
10466,0.0
10469,0.0
10471,0.0
10472,0.0
10474,0.0
10475,0.0
10477,0.0
10479,0.0
10480,0.0
10481,0.0
10483,0.0
10485,0.0
10487,0.0
10489,0.0
10492,0.0
10494,0.0
10495,0.0
10499,0.0
10502,0.0
10505,0.0
10506,0.0
10508,0.0
10511,0.0
10518,0.0
10519,0.0
10522,0.0
10524,0.0
10530,0.0
10532,0.0
10536,0.0
10538,0.0
10540,0.0
10541,0.0
10543,0.0
10545,0.0
10546,0.0
10548,0.0
10549,0.0
10550,0.0
10552,0.0
10553,0.0
10554,0.0
10555,0.0
10556,0.0
10557,0.0
10560,0.0
10562,0.0
10563,0.0
10566,0.0
10568,0.0
10570,0.0
10571,0.0
10572,0.0
10579,0.0
10580,0.0
10587,0.0
10588,0.0
10591,0.0
10592,0.0
10593,0.0
10595,0.0
10600,0.0
10602,0.0
10606,0.0
10609,0.0
10611,0.0
10613,0.0
10614,0.0
10617,0.0
10618,0.0
10621,0.0
10624,0.0
10625,0.0
10628,0.0
10629,0.0
10632,0.0
10634,0.0
10636,0.0
10637,0.0
10639,0.0
10641,0.0
10644,0.0
10649,0.0
10651,0.0
10652,0.0
10654,0.0
10655,0.0
10658,0.0
10660,0.0
10661,0.0
10663,0.0
10664,0.0
10666,0.0
10669,0.0
10670,0.0
10673,0.0
10674,0.0
10675,0.0
10676,0.0
10677,0.0
10681,0.0
10682,0.0
10683,0.0
10684,0.0
10685,0.0
10686,0.0
10687,0.0
10689,0.0
10693,0.0
10694,0.0
10695,0.0
10696,0.0
10699,0.0
10701,0.0
10703,0.0
10704,0.0
10705,0.0
10709,0.0
10710,0.0
10711,0.0
10713,0.0
10716,0.0
10718,0.0
10719,0.0
10724,0.0
10728,0.0
10731,0.0
10734,0.0
10736,0.0
10738,0.0
10739,0.0
10740,0.0
10741,0.0
10742,0.0
10744,0.0
10745,0.0
10746,0.0
10747,0.0
10748,0.0
10750,0.0
10751,0.0
10752,0.0
10754,0.0
10755,0.0
10756,0.0
10757,0.0
10758,0.0
10760,0.0
10764,0.0
10765,0.0
10768,0.0
10769,0.0
10770,0.0
10771,0.0
10773,0.0
10774,0.0
10776,0.0
10778,0.0
10781,0.0
10785,0.0
10787,0.0
10788,0.0
10789,0.0
10791,0.0
10792,0.0
10795,0.0
10797,0.0
10798,0.0
10802,0.0
10804,0.0
10807,0.0
10809,0.0
10810,0.0
10811,0.0
10813,0.0
10817,0.0
10818,0.0
10820,0.0
10821,0.0
10824,0.0
10825,0.0
10826,0.0
10827,0.0
10829,0.0
10830,0.0
10831,0.0
10834,0.0
10835,0.0
10836,0.0
10837,0.0
10838,0.0
10839,0.0
10842,0.0
10843,0.0
10844,0.0
10846,0.0
10848,0.0
10850,0.0
10851,0.0
10852,0.0
10854,0.0
10856,0.0
10858,0.0
10859,0.0
10862,0.0
10864,0.0
10865,0.0
10868,0.0
10871,0.0
10872,0.0
10873,0.0
10874,0.0
10875,0.0
10876,0.0
10880,0.0
10882,0.0
10883,0.0
10884,0.0
10888,0.0
10889,0.0
10892,0.0
10895,0.0
10898,0.0
10899,0.0
10902,0.0
10903,0.0
10906,0.0
10908,0.0
10910,0.0
10911,0.0
10914,0.0
10916,0.0
10917,0.0
10920,0.0
10921,0.0
10923,0.0
10924,0.0
10926,0.0
10927,0.0
10931,0.0
10934,0.0
10936,0.0
10939,0.0
10944,0.0
10946,0.0
10947,0.0
10948,0.0
10950,0.0
10951,0.0
10952,0.0
10953,0.0
10954,0.0
10960,0.0
10962,0.0
10964,0.0
10965,0.0
10968,0.0
10971,0.0
10972,0.0
10976,0.0
10979,0.0
10980,0.0
10983,0.0
10984,0.0
10987,0.0
10988,0.0
10989,0.0
10990,0.0
10992,0.0
10996,0.0
10997,0.0
11000,0.0
11001,0.0
11005,0.0
11007,0.0
11010,0.0
11012,0.0
11017,0.0
11020,0.0
11021,0.0
11022,0.0
11025,0.0
11026,0.0
11027,0.0
11032,0.0
11034,0.0
11039,0.0
11040,0.0
11041,0.0
11043,0.0
11044,0.0
11045,0.0
11047,0.0
11051,0.0
11052,0.0
11054,0.0
11055,0.0
11057,0.0
11059,0.0
11060,0.0
11061,0.0
11062,0.0
11066,0.0
11069,0.0
11071,0.0
11072,0.0
11073,0.0
11075,0.0
11076,0.0
11078,0.0
11079,0.0
11081,0.0
11082,0.0
11088,0.0
11091,0.0
11093,0.0
11094,0.0
11095,0.0
11096,0.0
11098,0.0
11099,0.0
11102,0.0
11103,0.0
11104,0.0
11105,0.0
11106,0.0
11107,0.0
11109,0.0
11110,0.0
11114,0.0
11115,0.0
11116,0.0
11117,0.0
11118,0.0
11119,0.0
11121,0.0
11123,0.0
11129,0.0
11130,0.0
11131,0.0
11134,0.0
11142,0.0
11143,0.0
11144,0.0
11145,0.0
11146,0.0
11149,0.0
11151,0.0
11154,0.0
11155,0.0
11158,0.0
11160,0.0
11163,0.0
11164,0.0
11166,0.0
11167,0.0
11175,0.0
11176,0.0
11177,0.0
11178,0.0
11179,0.0
11180,0.0
11181,0.0
11182,0.0
11183,0.0
11184,0.0
11186,0.0
11188,0.0
11189,0.0
11191,0.0
11192,0.0
11196,0.0
11197,0.0
11200,0.0
11201,0.0
11203,0.0
11205,0.0
11209,0.0
11212,0.0
11213,0.0
11214,0.0
11217,0.0
11218,0.0
11219,0.0
11222,0.0
11224,0.0
11225,0.0
11226,0.0
11231,0.0
11233,0.0
11235,0.0
11236,0.0
11237,0.0
11239,0.0
11240,0.0
11241,0.0
11242,0.0
11243,0.0
11244,0.0
11246,0.0
11247,0.0
11248,0.0
11250,0.0
11253,0.0
11254,0.0
11257,0.0
11260,0.0
11262,0.0
11263,0.0
11264,0.0
11265,0.0
11266,0.0
11268,0.0
11269,0.0
11271,0.0
11272,0.0
11275,0.0
11276,0.0
11277,0.0
11278,0.0
11279,0.0
11281,0.0
11284,0.0
11287,0.0
11288,0.0
11290,0.0
11291,0.0
11292,0.0
11293,0.0
11294,0.0
11295,0.0
11296,0.0
11300,0.0
11304,0.0
11305,0.0
11307,0.0
11308,0.0
11309,0.0
11310,0.0
11313,0.0
11314,0.0
11319,0.0
11320,0.0
11323,0.0
11325,0.0
11326,0.0
11328,0.0
11329,0.0
11331,0.0
11333,0.0
11338,0.0
11342,0.0
11344,0.0
11348,0.0
11350,0.0
11352,0.0
11354,0.0
11355,0.0
11356,0.0
11357,0.0
11358,0.0
11359,0.0
11361,0.0
11362,0.0
11363,0.0
11365,0.0
11367,0.0
11368,0.0
11369,0.0
11370,0.0
11371,0.0
11375,0.0
11376,0.0
11380,0.0
11386,0.0
11387,0.0
11388,0.0
11389,0.0
11391,0.0
11394,0.0
11395,0.0
11400,0.0
11401,0.0
11402,0.0
11403,0.0
11405,0.0
11411,0.0
11413,0.0
11415,0.0
11416,0.0
11419,0.0
11420,0.0
11424,0.0
11425,0.0
11428,0.0
11429,0.0
11430,0.0
11432,0.0
11433,0.0
11437,0.0
11438,0.0
11439,0.0
11441,0.0
11444,0.0
11448,0.0
11450,0.0
11452,0.0
11453,0.0
11454,0.0
11456,0.0
11457,0.0
11459,0.0
11460,0.0
11465,0.0
11466,0.0
11469,0.0
11472,0.0
11474,0.0
11477,0.0
11478,0.0
11481,0.0
11482,0.0
11483,0.0
11484,0.0
11488,0.0
11489,0.0
11490,0.0
11491,0.0
11493,0.0
11495,0.0
11500,0.0
11501,0.0
11503,0.0
11504,0.0
11507,0.0
11510,0.0
11512,0.0
11514,0.0
11515,0.0
11517,0.0
11518,0.0
11520,0.0
11523,0.0
11524,0.0
11525,0.0
11528,0.0
11530,0.0
11533,0.0
11537,0.0
11540,0.0
11542,0.0
11543,0.0
11544,0.0
11546,0.0
11548,0.0
11549,0.0
11550,0.0
11555,0.0
11556,0.0
11557,0.0
11561,0.0
11564,0.0
11565,0.0
11568,0.0
11573,0.0
11575,0.0
11578,0.0
11581,0.0
11583,0.0
11585,0.0
11586,0.0
11587,0.0
11588,0.0
11589,0.0
11590,0.0
11592,0.0
11593,0.0
11594,0.0
11595,0.0
11596,0.0
11597,0.0
11599,0.0
11601,0.0
11602,0.0
11603,0.0
11604,0.0
11608,0.0
11609,0.0
11611,0.0
11613,0.0
11614,0.0
11615,0.0
11616,0.0
11619,0.0
11620,0.0
11622,0.0
11624,0.0
11625,0.0
11626,0.0
11628,0.0
11630,0.0
11633,0.0
11634,0.0
11640,0.0
11641,0.0
11642,0.0
11643,0.0
11644,0.0
11647,0.0
11650,0.0
11652,0.0
11654,0.0
11655,0.0
11656,0.0
11658,0.0
11660,0.0
11662,0.0
11663,0.0
11665,0.0
11666,0.0
11668,0.0
11669,0.0
11670,0.0
11673,0.0
11675,0.0
11679,0.0
11688,0.0
11689,0.0
11691,0.0
11692,0.0
11693,0.0
11694,0.0
11695,0.0
11698,0.0
11699,0.0
11702,0.0
11703,0.0
11704,0.0
11705,0.0
11706,0.0
11707,0.0
11708,0.0
11709,0.0
11710,0.0
11711,0.0
11713,0.0
11714,0.0
11718,0.0
11721,0.0
11723,0.0
11727,0.0
11728,0.0
11731,0.0
11738,0.0
11739,0.0
11740,0.0
11742,0.0
11743,0.0
11744,0.0
11746,0.0
11747,0.0
11751,0.0
11752,0.0
11753,0.0
11755,0.0
11757,0.0
11760,0.0
11761,0.0
11765,0.0
11766,0.0
11767,0.0
11769,0.0
11770,0.0
11772,0.0
11773,0.0
11774,0.0
11777,0.0
11782,0.0
11784,0.0
11789,0.0
11790,0.0
11793,0.0
11795,0.0
11796,0.0
11798,0.0
11801,0.0
11802,0.0
11803,0.0
11804,0.0
11808,0.0
11809,0.0
11811,0.0
11812,0.0
11818,0.0
11821,0.0
11822,0.0
11824,0.0
11826,0.0
11833,0.0
11834,0.0
11837,0.0
11838,0.0
11841,0.0
11843,0.0
11845,0.0
11846,0.0
11847,0.0
11848,0.0
11850,0.0
11852,0.0
11854,0.0
11858,0.0
11864,0.0
11867,0.0
11868,0.0
11869,0.0
11870,0.0
11871,0.0
11873,0.0
11875,0.0
11876,0.0
11881,0.0
11884,0.0
11891,0.0
11894,0.0
11896,0.0
11899,0.0
11901,0.0
11902,0.0
11904,0.0
11908,0.0
11911,0.0
11913,0.0
11914,0.0
11915,0.0
11916,0.0
11917,0.0
11918,0.0
11922,0.0
11923,0.0
11924,0.0
11925,0.0
11926,0.0
11929,0.0
11932,0.0
11934,0.0
11935,0.0
11936,0.0
11937,0.0
11938,0.0
11942,0.0
11943,0.0
11950,0.0
11951,0.0
11952,0.0
11954,0.0
11957,0.0
11959,0.0
11962,0.0
11963,0.0
11964,0.0
11967,0.0
11972,0.0
11974,0.0
11977,0.0
11978,0.0
11981,0.0
11982,0.0
11983,0.0
11984,0.0
11988,0.0
11990,0.0
11991,0.0
11993,0.0
11997,0.0
11998,0.0
11999,0.0
12000,0.0
12001,0.0
12003,0.0
12005,0.0
12007,0.0
12010,0.0
12014,0.0
12015,0.0
12016,0.0
12022,0.0
12023,0.0
12024,0.0
12026,0.0
12027,0.0
12028,0.0
12030,0.0
12031,0.0
12032,0.0
12033,0.0
12035,0.0
12038,0.0
12039,0.0
12040,0.0
12041,0.0
12042,0.0
12044,0.0
12047,0.0
12048,0.0
12049,0.0
12050,0.0
12052,0.0
12053,0.0
12054,0.0
12058,0.0
12059,0.0
12066,0.0
12068,0.0
12071,0.0
12074,0.0
12075,0.0
12076,0.0
12078,0.0
12083,0.0
12084,0.0
12087,0.0
12093,0.0
12094,0.0
12095,0.0
12097,0.0
12098,0.0
12100,0.0
12103,0.0
12107,0.0
12108,0.0
12111,0.0
12112,0.0
12113,0.0
12116,0.0
12118,0.0
12121,0.0
12122,0.0
12125,0.0
12127,0.0
12128,0.0
12129,0.0
12130,0.0
12132,0.0
12133,0.0
12135,0.0
12138,0.0
12140,0.0
12141,0.0
12144,0.0
12146,0.0
12149,0.0
12152,0.0
12153,0.0
12156,0.0
12158,0.0
12159,0.0
12160,0.0
12161,0.0
12162,0.0
12163,0.0
12167,0.0
12168,0.0
12169,0.0
12170,0.0
12174,0.0
12175,0.0
12178,0.0
12179,0.0
12183,0.0
12186,0.0
12190,0.0
12192,0.0
12194,0.0
12195,0.0
12196,0.0
12199,0.0
12200,0.0
12201,0.0
12203,0.0
12205,0.0
12206,0.0
12207,0.0
12208,0.0
12212,0.0
12213,0.0
12214,0.0
12216,0.0
12218,0.0
12224,0.0
12226,0.0
12227,0.0
12228,0.0
12230,0.0
12231,0.0
12232,0.0
12233,0.0
12234,0.0
12235,0.0
12236,0.0
12237,0.0
12239,0.0
12245,0.0
12248,0.0
12249,0.0
12250,0.0
12253,0.0
12254,0.0
12255,0.0
12256,0.0
12258,0.0
12262,0.0
12268,0.0
12270,0.0
12275,0.0
12276,0.0
12278,0.0
12283,0.0
12286,0.0
12288,0.0
12289,0.0
12290,0.0
12292,0.0
12293,0.0
12298,0.0
12299,0.0
12300,0.0
12301,0.0
12303,0.0
12305,0.0
12308,0.0
12309,0.0
12311,0.0
12312,0.0
12313,0.0
12314,0.0
12315,0.0
12317,0.0
12318,0.0
12321,0.0
12322,0.0
12327,0.0
12329,0.0
12330,0.0
12333,0.0
12338,0.0
12341,0.0
12342,0.0
12344,0.0
12348,0.0
12349,0.0
12351,0.0
12354,0.0
12355,0.0
12359,0.0
12361,0.0
12363,0.0
12366,0.0
12367,0.0
12369,0.0
12370,0.0
12371,0.0
12372,0.0
12374,0.0
12376,0.0
12379,0.0
12382,0.0
12383,0.0
12385,0.0
12387,0.0
12389,0.0
12390,0.0
12394,0.0
12399,0.0
12400,0.0
12402,0.0
12404,0.0
12405,0.0
12408,0.0
12409,0.0
12411,0.0
12412,0.0
12413,0.0
12416,0.0
12417,0.0
12419,0.0
12421,0.0
12425,0.0
12426,0.0
12428,0.0
12429,0.0
12430,0.0
12431,0.0
12433,0.0
12434,0.0
12435,0.0
12440,0.0
12441,0.0
12444,0.0
12446,0.0
12452,0.0
12455,0.0
12456,0.0
12457,0.0
12460,0.0
12461,0.0
12463,0.0
12466,0.0
12468,0.0
12470,0.0
12471,0.0
12473,0.0
12476,0.0
12477,0.0
12478,0.0
12479,0.0
12480,0.0
12481,0.0
12482,0.0
12485,0.0
12486,0.0
12488,0.0
12496,0.0
12497,0.0
12501,0.0
12502,0.0
12503,0.0
12505,0.0
12510,0.0
12512,0.0
12513,0.0
12515,0.0
12516,0.0
12518,0.0
12519,0.0
12520,0.0
12521,0.0
12524,0.0
12526,0.0
12527,0.0
12528,0.0
12530,0.0
12531,0.0
12532,0.0
12536,0.0
12537,0.0
12538,0.0
12539,0.0
12540,0.0
12541,0.0
12542,0.0
12545,0.0
12547,0.0
12549,0.0
12553,0.0
12554,0.0
12556,0.0
12557,0.0
12562,0.0
12565,0.0
12566,0.0
12570,0.0
12571,0.0
12575,0.0
12576,0.0
12578,0.0
12579,0.0
12583,0.0
12586,0.0
12587,0.0
12590,0.0
12592,0.0
12596,0.0
12597,0.0
12599,0.0
12600,0.0
12602,0.0
12603,0.0
12605,0.0
12609,0.0
12610,0.0
12611,0.0
12612,0.0
12613,0.0
12614,0.0
12615,0.0
12616,0.0
12617,0.0
12618,0.0
12619,0.0
12620,0.0
12622,0.0
12624,0.0
12625,0.0
12626,0.0
12630,0.0
12631,0.0
12632,0.0
12633,0.0
12638,0.0
12642,0.0
12643,0.0
12645,0.0
12646,0.0
12647,0.0
12648,0.0
12652,0.0
12654,0.0
12656,0.0
12657,0.0
12659,0.0
12660,0.0
12661,0.0
12664,0.0
12666,0.0
12667,0.0
12668,0.0
12669,0.0
12670,0.0
12671,0.0
12674,0.0
12675,0.0
12678,0.0
12679,0.0
12681,0.0
12684,0.0
12685,0.0
12688,0.0
12689,0.0
12690,0.0
12691,0.0
12692,0.0
12693,0.0
12694,0.0
12695,0.0
12696,0.0
12701,0.0
12702,0.0
12707,0.0
12709,0.0
12710,0.0
12711,0.0
12713,0.0
12716,0.0
12718,0.0
12720,0.0
12721,0.0
12722,0.0
12727,0.0
12728,0.0
12729,0.0
12731,0.0
12733,0.0
12734,0.0
12735,0.0
12737,0.0
12740,0.0
12741,0.0
12742,0.0
12744,0.0
12747,0.0
12749,0.0
12751,0.0
12752,0.0
12753,0.0
12755,0.0
12758,0.0
12759,0.0
12760,0.0
12763,0.0
12766,0.0
12768,0.0
12769,0.0
12774,0.0
12775,0.0
12778,0.0
12779,0.0
12781,0.0
12783,0.0
12785,0.0
12786,0.0
12788,0.0
12790,0.0
12791,0.0
12796,0.0
12797,0.0
12799,0.0
12800,0.0
12801,0.0
12802,0.0
12803,0.0
12804,0.0
12805,0.0
12807,0.0
12808,0.0
12812,0.0
12813,0.0
12815,0.0
12816,0.0
12817,0.0
12818,0.0
12819,0.0
12820,0.0
12821,0.0
12822,0.0
12823,0.0
12824,0.0
12827,0.0
12828,0.0
12830,0.0
12836,0.0
12838,0.0
12839,0.0
12843,0.0
12845,0.0
12846,0.0
12848,0.0
12849,0.0
12850,0.0
12851,0.0
12852,0.0
12853,0.0
12855,0.0
12856,0.0
12862,0.0
12863,0.0
12866,0.0
12871,0.0
12874,0.0
12876,0.0
12878,0.0
12880,0.0
12881,0.0
12886,0.0
12888,0.0
12889,0.0
12890,0.0
12891,0.0
12895,0.0
12902,0.0
12905,0.0
12912,0.0
12914,0.0
12916,0.0
12917,0.0
12919,0.0
12920,0.0
12921,0.0
12922,0.0
12931,0.0
12932,0.0
12933,0.0
12935,0.0
12937,0.0
12938,0.0
12939,0.0
12940,0.0
12942,0.0
12944,0.0
12945,0.0
12946,0.0
12950,0.0
12951,0.0
12952,0.0
12954,0.0
12960,0.0
12962,0.0
12963,0.0
12966,0.0
12967,0.0
12971,0.0
12974,0.0
12976,0.0
12977,0.0
12979,0.0
12982,0.0
12983,0.0
12984,0.0
12986,0.0
12987,0.0
12988,0.0
12991,0.0
12992,0.0
12994,0.0
12995,0.0
12997,0.0
12998,0.0
13002,0.0
13004,0.0
13006,0.0
13009,0.0
13010,0.0
13011,0.0
13012,0.0
13013,0.0
13015,0.0
13016,0.0
13017,0.0
13018,0.0
13019,0.0
13020,0.0
13025,0.0
13028,0.0
13030,0.0
13031,0.0
13033,0.0
13036,0.0
13042,0.0
13043,0.0
13047,0.0
13049,0.0
13051,0.0
13052,0.0
13061,0.0
13062,0.0
13065,0.0
13066,0.0
13067,0.0
13070,0.0
13071,0.0
13073,0.0
13074,0.0
13075,0.0
13077,0.0
13078,0.0
13079,0.0
13084,0.0
13087,0.0
13088,0.0
13091,0.0
13093,0.0
13096,0.0
13098,0.0
13099,0.0
13100,0.0
13103,0.0
13104,0.0
13106,0.0
13109,0.0
13111,0.0
13112,0.0
13114,0.0
13115,0.0
13117,0.0
13119,0.0
13120,0.0
13123,0.0
13126,0.0
13128,0.0
13132,0.0
13135,0.0
13137,0.0
13144,0.0
13147,0.0
13148,0.0
13150,0.0
13151,0.0
13152,0.0
13154,0.0
13156,0.0
13158,0.0
13161,0.0
13163,0.0
13164,0.0
13165,0.0
13166,0.0
13169,0.0
13177,0.0
13178,0.0
13183,0.0
13184,0.0
13186,0.0
13187,0.0
13188,0.0
13193,0.0
13194,0.0
13195,0.0
13196,0.0
13197,0.0
13199,0.0
13201,0.0
13203,0.0
13204,0.0
13205,0.0
13206,0.0
13208,0.0
13210,0.0
13214,0.0
13217,0.0
13218,0.0
13219,0.0
13220,0.0
13222,0.0
13223,0.0
13225,0.0
13226,0.0
13230,0.0
13233,0.0
13234,0.0
13235,0.0
13239,0.0
13241,0.0
13243,0.0
13246,0.0
13247,0.0
13249,0.0
13250,0.0
13252,0.0
13256,0.0
13257,0.0
13259,0.0
13260,0.0
13263,0.0
13268,0.0
13269,0.0
13270,0.0
13272,0.0
13274,0.0
13277,0.0
13278,0.0
13279,0.0
13281,0.0
13282,0.0
13283,0.0
13285,0.0
13286,0.0
13290,0.0
13291,0.0
13294,0.0
13295,0.0
13299,0.0
13302,0.0
13305,0.0
13306,0.0
13307,0.0
13313,0.0
13314,0.0
13316,0.0
13317,0.0
13318,0.0
13320,0.0
13321,0.0
13323,0.0
13324,0.0
13326,0.0
13327,0.0
13328,0.0
13329,0.0
13333,0.0
13335,0.0
13336,0.0
13337,0.0
13340,0.0
13343,0.0
13346,0.0
13347,0.0
13351,0.0
13352,0.0
13358,0.0
13359,0.0
13362,0.0
13364,0.0
13365,0.0
13366,0.0
13367,0.0
13369,0.0
13371,0.0
13372,0.0
13374,0.0
13375,0.0
13376,0.0
13378,0.0
13379,0.0
13384,0.0
13385,0.0
13393,0.0
13394,0.0
13399,0.0
13400,0.0
13404,0.0
13405,0.0
13408,0.0
13410,0.0
13415,0.0
13416,0.0
13418,0.0
13420,0.0
13421,0.0
13422,0.0
13423,0.0
13424,0.0
13426,0.0
13430,0.0
13431,0.0
13437,0.0
13440,0.0
13442,0.0
13445,0.0
13448,0.0
13450,0.0
13451,0.0
13454,0.0
13460,0.0
13462,0.0
13463,0.0
13468,0.0
13470,0.0
13473,0.0
13474,0.0
13475,0.0
13476,0.0
13477,0.0
13478,0.0
13480,0.0
13481,0.0
13482,0.0
13483,0.0
13484,0.0
13485,0.0
13486,0.0
13487,0.0
13489,0.0
13491,0.0
13492,0.0
13494,0.0
13496,0.0
13497,0.0
13500,0.0
13502,0.0
13503,0.0
13504,0.0
13506,0.0
13511,0.0
13515,0.0
13518,0.0
13519,0.0
13520,0.0
13521,0.0
13523,0.0
13524,0.0
13525,0.0
13529,0.0
13532,0.0
13536,0.0
13539,0.0
13540,0.0
13541,0.0
13542,0.0
13546,0.0
13548,0.0
13549,0.0
13550,0.0
13553,0.0
13557,0.0
13560,0.0
13561,0.0
13564,0.0
13566,0.0
13569,0.0
13575,0.0
13578,0.0
13580,0.0
13582,0.0
13584,0.0
13585,0.0
13590,0.0
13591,0.0
13595,0.0
13598,0.0
13604,0.0
13605,0.0
13606,0.0
13608,0.0
13611,0.0
13612,0.0
13614,0.0
13615,0.0
13616,0.0
13618,0.0
13620,0.0
13622,0.0
13623,0.0
13624,0.0
13625,0.0
13626,0.0
13627,0.0
13628,0.0
13629,0.0
13630,0.0
13634,0.0
13637,0.0
13643,0.0
13644,0.0
13645,0.0
13646,0.0
13650,0.0
13653,0.0
13655,0.0
13656,0.0
13659,0.0
13662,0.0
13669,0.0
13671,0.0
13673,0.0
13678,0.0
13679,0.0
13680,0.0
13681,0.0
13682,0.0
13684,0.0
13685,0.0
13687,0.0
13689,0.0
13698,0.0
13699,0.0
13700,0.0
13702,0.0
13704,0.0
13706,0.0
13709,0.0
13710,0.0
13711,0.0
13712,0.0
13713,0.0
13714,0.0
13716,0.0
13718,0.0
13720,0.0
13721,0.0
13722,0.0
13723,0.0
13725,0.0
13726,0.0
13727,0.0
13728,0.0
13730,0.0
13732,0.0
13735,0.0
13736,0.0
13738,0.0
13739,0.0
13740,0.0
13741,0.0
13743,0.0
13746,0.0
13747,0.0
13748,0.0
13750,0.0
13753,0.0
13754,0.0
13756,0.0
13760,0.0
13761,0.0
13762,0.0
13763,0.0
13764,0.0
13766,0.0
13769,0.0
13770,0.0
13771,0.0
13773,0.0
13777,0.0
13779,0.0
13781,0.0
13782,0.0
13787,0.0
13790,0.0
13792,0.0
13793,0.0
13796,0.0
13798,0.0
13800,0.0
13801,0.0
13803,0.0
13805,0.0
13806,0.0
13811,0.0
13812,0.0
13813,0.0
13815,0.0
13816,0.0
13817,0.0
13818,0.0
13819,0.0
13821,0.0
13824,0.0
13827,0.0
13828,0.0
13829,0.0
13831,0.0
13832,0.0
13833,0.0
13834,0.0
13835,0.0
13836,0.0
13837,0.0
13838,0.0
13839,0.0
13840,0.0
13841,0.0
13842,0.0
13846,0.0
13847,0.0
13848,0.0
13849,0.0
13851,0.0
13853,0.0
13855,0.0
13856,0.0
13859,0.0
13861,0.0
13867,0.0
13869,0.0
13872,0.0
13873,0.0
13876,0.0
13877,0.0
13881,0.0
13883,0.0
13884,0.0
13885,0.0
13886,0.0
13887,0.0
13888,0.0
13894,0.0
13897,0.0
13898,0.0
13899,0.0
13900,0.0
13903,0.0
13905,0.0
13906,0.0
13907,0.0
13909,0.0
13912,0.0
13913,0.0
13915,0.0
13917,0.0
13918,0.0
13922,0.0
13925,0.0
13926,0.0
13927,0.0
13928,0.0
13930,0.0
13934,0.0
13935,0.0
13937,0.0
13938,0.0
13939,0.0
13941,0.0
13942,0.0
13943,0.0
13944,0.0
13945,0.0
13949,0.0
13951,0.0
13952,0.0
13954,0.0
13955,0.0
13956,0.0
13962,0.0
13963,0.0
13964,0.0
13965,0.0
13966,0.0
13968,0.0
13970,0.0
13972,0.0
13975,0.0
13976,0.0
13979,0.0
13981,0.0
13982,0.0
13986,0.0
13987,0.0
13992,0.0
13993,0.0
13994,0.0
13997,0.0
13998,0.0
13999,0.0
14001,0.0
14003,0.0
14005,0.0
14007,0.0
14008,0.0
14011,0.0
14013,0.0
14017,0.0
14018,0.0
14020,0.0
14021,0.0
14022,0.0
14030,0.0
14032,0.0
14034,0.0
14035,0.0
14037,0.0
14038,0.0
14039,0.0
14044,0.0
14049,0.0
14050,0.0
14051,0.0
14053,0.0
14054,0.0
14060,0.0
14061,0.0
14063,0.0
14065,0.0
14072,0.0
14073,0.0
14080,0.0
14081,0.0
14088,0.0
14091,0.0
14095,0.0
14099,0.0
14101,0.0
14102,0.0
14104,0.0
14105,0.0
14106,0.0
14107,0.0
14108,0.0
14111,0.0
14115,0.0
14117,0.0
14118,0.0
14120,0.0
14121,0.0
14123,0.0
14124,0.0
14126,0.0
14127,0.0
14129,0.0
14130,0.0
14131,0.0
14133,0.0
14134,0.0
14138,0.0
14140,0.0
14142,0.0
14143,0.0
14144,0.0
14146,0.0
14147,0.0
14148,0.0
14150,0.0
14152,0.0
14153,0.0
14155,0.0
14159,0.0
14160,0.0
14162,0.0
14166,0.0
14167,0.0
14169,0.0
14175,0.0
14176,0.0
14179,0.0
14180,0.0
14181,0.0
14183,0.0
14184,0.0
14189,0.0
14190,0.0
14192,0.0
14195,0.0
14196,0.0
14205,0.0
14206,0.0
14207,0.0
14209,0.0
14210,0.0
14211,0.0
14212,0.0
14213,0.0
14215,0.0
14216,0.0
14217,0.0
14220,0.0
14225,0.0
14227,0.0
14228,0.0
14231,0.0
14232,0.0
14234,0.0
14235,0.0
14237,0.0
14239,0.0
14240,0.0
14241,0.0
14243,0.0
14244,0.0
14248,0.0
14250,0.0
14251,0.0
14253,0.0
14254,0.0
14255,0.0
14257,0.0
14258,0.0
14259,0.0
14261,0.0
14269,0.0
14270,0.0
14271,0.0
14272,0.0
14273,0.0
14277,0.0
14279,0.0
14281,0.0
14282,0.0
14283,0.0
14284,0.0
14286,0.0
14287,0.0
14289,0.0
14292,0.0
14293,0.0
14294,0.0
14296,0.0
14297,0.0
14298,0.0
14300,0.0
14301,0.0
14305,0.0
14306,0.0
14307,0.0
14308,0.0
14309,0.0
14310,0.0
14313,0.0
14317,0.0
14318,0.0
14319,0.0
14320,0.0
14322,0.0
14323,0.0
14324,0.0
14329,0.0
14331,0.0
14332,0.0
14333,0.0
14336,0.0
14337,0.0
14338,0.0
14341,0.0
14342,0.0
14343,0.0
14346,0.0
14348,0.0
14350,0.0
14352,0.0
14353,0.0
14359,0.0
14360,0.0
14361,0.0
14362,0.0
14365,0.0
14366,0.0
14369,0.0
14372,0.0
14373,0.0
14375,0.0
14376,0.0
14377,0.0
14379,0.0
14380,0.0
14382,0.0
14383,0.0
14384,0.0
14385,0.0
14386,0.0
14387,0.0
14391,0.0
14393,0.0
14394,0.0
14397,0.0
14398,0.0
14400,0.0
14401,0.0
14402,0.0
14407,0.0
14408,0.0
14409,0.0
14410,0.0
14411,0.0
14412,0.0
14415,0.0
14416,0.0
14418,0.0
14419,0.0
14420,0.0
14422,0.0
14423,0.0
14426,0.0
14427,0.0
14431,0.0
14433,0.0
14434,0.0
14437,0.0
14440,0.0
14441,0.0
14442,0.0
14443,0.0
14444,0.0
14445,0.0
14446,0.0
14449,0.0
14451,0.0
14455,0.0
14458,0.0
14460,0.0
14461,0.0
14462,0.0
14464,0.0
14466,0.0
14467,0.0
14468,0.0
14469,0.0
14474,0.0
14475,0.0
14478,0.0
14479,0.0
14483,0.0
14488,0.0
14490,0.0
14492,0.0
14493,0.0
14494,0.0
14496,0.0
14497,0.0
14498,0.0
14499,0.0
14501,0.0
14502,0.0
14504,0.0
14505,0.0
14507,0.0
14508,0.0
14509,0.0
14513,0.0
14519,0.0
14520,0.0
14522,0.0
14523,0.0
14524,0.0
14525,0.0
14529,0.0
14530,0.0
14531,0.0
14532,0.0
14535,0.0
14537,0.0
14545,0.0
14546,0.0
14548,0.0
14550,0.0
14552,0.0
14553,0.0
14556,0.0
14566,0.0
14567,0.0
14568,0.0
14570,0.0
14571,0.0
14573,0.0
14574,0.0
14575,0.0
14576,0.0
14577,0.0
14580,0.0
14582,0.0
14583,0.0
14586,0.0
14587,0.0
14592,0.0
14594,0.0
14595,0.0
14597,0.0
14598,0.0
14601,0.0
14602,0.0
14605,0.0
14606,0.0
14608,0.0
14609,0.0
14614,0.0
14615,0.0
14620,0.0
14623,0.0
14624,0.0
14628,0.0
14629,0.0
14630,0.0
14631,0.0
14632,0.0
14633,0.0
14635,0.0
14636,0.0
14637,0.0
14638,0.0
14644,0.0
14645,0.0
14648,0.0
14649,0.0
14651,0.0
14652,0.0
14654,0.0
14657,0.0
14659,0.0
14660,0.0
14664,0.0
14665,0.0
14666,0.0
14669,0.0
14671,0.0
14672,0.0
14673,0.0
14675,0.0
14677,0.0
14681,0.0
14682,0.0
14683,0.0
14685,0.0
14690,0.0
14692,0.0
14693,0.0
14694,0.0
14695,0.0
14697,0.0
14698,0.0
14701,0.0
14702,0.0
14703,0.0
14704,0.0
14705,0.0
14706,0.0
14708,0.0
14709,0.0
14710,0.0
14712,0.0
14713,0.0
14714,0.0
14718,0.0
14719,0.0
14721,0.0
14722,0.0
14727,0.0
14728,0.0
14729,0.0
14730,0.0
14731,0.0
14732,0.0
14733,0.0
14736,0.0
14737,0.0
14738,0.0
14744,0.0
14745,0.0
14746,0.0
14748,0.0
14752,0.0
14758,0.0
14760,0.0
14762,0.0
14765,0.0
14768,0.0
14769,0.0
14771,0.0
14772,0.0
14773,0.0
14774,0.0
14775,0.0
14777,0.0
14778,0.0
14779,0.0
14784,0.0
14785,0.0
14788,0.0
14789,0.0
14790,0.0
14791,0.0
14792,0.0
14793,0.0
14795,0.0
14798,0.0
14799,0.0
14800,0.0
14805,0.0
14806,0.0
14808,0.0
14810,0.0
14812,0.0
14813,0.0
14815,0.0
14817,0.0
14819,0.0
14821,0.0
14822,0.0
14824,0.0
14826,0.0
14828,0.0
14830,0.0
14831,0.0
14832,0.0
14833,0.0
14835,0.0
14836,0.0
14838,0.0
14841,0.0
14842,0.0
14843,0.0
14845,0.0
14846,0.0
14851,0.0
14853,0.0
14855,0.0
14858,0.0
14863,0.0
14864,0.0
14866,0.0
14868,0.0
14869,0.0
14872,0.0
14877,0.0
14878,0.0
14879,0.0
14880,0.0
14881,0.0
14884,0.0
14885,0.0
14887,0.0
14889,0.0
14890,0.0
14894,0.0
14897,0.0
14898,0.0
14899,0.0
14901,0.0
14902,0.0
14903,0.0
14911,0.0
14913,0.0
14914,0.0
14915,0.0
14917,0.0
14918,0.0
14920,0.0
14922,0.0
14924,0.0
14932,0.0
14933,0.0
14940,0.0
14942,0.0
14944,0.0
14946,0.0
14947,0.0
14951,0.0
14952,0.0
14954,0.0
14955,0.0
14956,0.0
14961,0.0
14962,0.0
14964,0.0
14965,0.0
14966,0.0
14967,0.0
14968,0.0
14971,0.0
14976,0.0
14977,0.0
14979,0.0
14981,0.0
14982,0.0
14983,0.0
14984,0.0
14985,0.0
14986,0.0
14987,0.0
14988,0.0
14989,0.0
14993,0.0
14995,0.0
14998,0.0
15000,0.0
15002,0.0
15005,0.0
15009,0.0
15012,0.0
15013,0.0
15014,0.0
15015,0.0
15016,0.0
15019,0.0
15021,0.0
15022,0.0
15024,0.0
15027,0.0
15028,0.0
15034,0.0
15037,0.0
15038,0.0
15039,0.0
15042,0.0
15045,0.0
15046,0.0
15047,0.0
15049,0.0
15053,0.0
15062,0.0
15063,0.0
15065,0.0
15066,0.0
15069,0.0
15070,0.0
15071,0.0
15072,0.0
15073,0.0
15074,0.0
15075,0.0
15076,0.0
15085,0.0
15086,0.0
15087,0.0
15089,0.0
15091,0.0
15092,0.0
15094,0.0
15095,0.0
15097,0.0
15099,0.0
15101,0.0
15102,0.0
15103,0.0
15106,0.0
15107,0.0
15108,0.0
15109,0.0
15110,0.0
15111,0.0
15112,0.0
15114,0.0
15115,0.0
15118,0.0
15119,0.0
15122,0.0
15123,0.0
15125,0.0
15128,0.0
15129,0.0
15130,0.0
15131,0.0
15133,0.0
15134,0.0
15136,0.0
15137,0.0
15138,0.0
15139,0.0
15140,0.0
15141,0.0
15143,0.0
15144,0.0
15145,0.0
15146,0.0
15148,0.0
15149,0.0
15150,0.0
15152,0.0
15153,0.0
15155,0.0
15157,0.0
15158,0.0
15160,0.0
15161,0.0
15162,0.0
15163,0.0
15165,0.0
15167,0.0
15169,0.0
15172,0.0
15174,0.0
15177,0.0
15178,0.0
15179,0.0
15180,0.0
15181,0.0
15182,0.0
15185,0.0
15188,0.0
15190,0.0
15192,0.0
15193,0.0
15194,0.0
15196,0.0
15197,0.0
15201,0.0
15205,0.0
15206,0.0
15207,0.0
15209,0.0
15212,0.0
15213,0.0
15216,0.0
15220,0.0
15222,0.0
15225,0.0
15228,0.0
15229,0.0
15230,0.0
15231,0.0
15234,0.0
15235,0.0
15237,0.0
15238,0.0
15239,0.0
15240,0.0
15241,0.0
15243,0.0
15245,0.0
15249,0.0
15251,0.0
15253,0.0
15254,0.0
15257,0.0
15258,0.0
15259,0.0
15263,0.0
15264,0.0
15269,0.0
15270,0.0
15271,0.0
15273,0.0
15275,0.0
15279,0.0
15280,0.0
15281,0.0
15282,0.0
15284,0.0
15288,0.0
15290,0.0
15292,0.0
15293,0.0
15294,0.0
15295,0.0
15296,0.0
15297,0.0
15301,0.0
15304,0.0
15305,0.0
15309,0.0
15310,0.0
15311,0.0
15313,0.0
15315,0.0
15317,0.0
15318,0.0
15320,0.0
15323,0.0
15326,0.0
15329,0.0
15330,0.0
15331,0.0
15332,0.0
15340,0.0
15341,0.0
15343,0.0
15346,0.0
15349,0.0
15350,0.0
15355,0.0
15356,0.0
15357,0.0
15358,0.0
15359,0.0
15360,0.0
15362,0.0
15364,0.0
15366,0.0
15369,0.0
15372,0.0
15373,0.0
15374,0.0
15375,0.0
15376,0.0
15379,0.0
15380,0.0
15381,0.0
15382,0.0
15383,0.0
15386,0.0
15387,0.0
15389,0.0
15391,0.0
15393,0.0
15394,0.0
15396,0.0
15397,0.0
15401,0.0
15402,0.0
15403,0.0
15409,0.0
15410,0.0
15415,0.0
15416,0.0
15419,0.0
15420,0.0
15424,0.0
15429,0.0
15430,0.0
15431,0.0
15433,0.0
15437,0.0
15438,0.0
15441,0.0
15446,0.0
15447,0.0
15449,0.0
15451,0.0
15452,0.0
15454,0.0
15457,0.0
15458,0.0
15461,0.0
15462,0.0
15463,0.0
15465,0.0
15466,0.0
15467,0.0
15470,0.0
15471,0.0
15478,0.0
15481,0.0
15482,0.0
15483,0.0
15484,0.0
15485,0.0
15490,0.0
15492,0.0
15493,0.0
15494,0.0
15495,0.0
15496,0.0
15499,0.0
15500,0.0
15503,0.0
15507,0.0
15508,0.0
15509,0.0
15510,0.0
15511,0.0
15514,0.0
15515,0.0
15516,0.0
15521,0.0
15523,0.0
15524,0.0
15525,0.0
15526,0.0
15528,0.0
15529,0.0
15531,0.0
15532,0.0
15533,0.0
15534,0.0
15536,0.0
15540,0.0
15543,0.0
15547,0.0
15548,0.0
15554,0.0
15555,0.0
15557,0.0
15560,0.0
15562,0.0
15564,0.0
15566,0.0
15567,0.0
15569,0.0
15570,0.0
15571,0.0
15573,0.0
15574,0.0
15577,0.0
15579,0.0
15583,0.0
15584,0.0
15586,0.0
15587,0.0
15590,0.0
15591,0.0
15594,0.0
15596,0.0
15600,0.0
15601,0.0
15604,0.0
15605,0.0
15607,0.0
15609,0.0
15614,0.0
15618,0.0
15620,0.0
15623,0.0
15624,0.0
15626,0.0
15630,0.0
15632,0.0
15633,0.0
15634,0.0
15636,0.0
15640,0.0
15643,0.0
15647,0.0
15648,0.0
15649,0.0
15650,0.0
15653,0.0
15655,0.0
15659,0.0
15661,0.0
15662,0.0
15664,0.0
15666,0.0
15667,0.0
15669,0.0
15671,0.0
15672,0.0
15676,0.0
15677,0.0
15680,0.0
15681,0.0
15683,0.0
15685,0.0
15688,0.0
15689,0.0
15690,0.0
15692,0.0
15703,0.0
15705,0.0
15707,0.0
15708,0.0
15710,0.0
15711,0.0
15712,0.0
15713,0.0
15716,0.0
15717,0.0
15718,0.0
15719,0.0
15721,0.0
15724,0.0
15725,0.0
15726,0.0
15730,0.0
15731,0.0
15733,0.0
15735,0.0
15738,0.0
15739,0.0
15740,0.0
15743,0.0
15744,0.0
15748,0.0
15749,0.0
15752,0.0
15754,0.0
15755,0.0
15756,0.0
15757,0.0
15758,0.0
15759,0.0
15760,0.0
15761,0.0
15764,0.0
15765,0.0
15766,0.0
15771,0.0
15777,0.0
15778,0.0
15780,0.0
15782,0.0
15784,0.0
15787,0.0
15789,0.0
15791,0.0
15792,0.0
15793,0.0
15794,0.0
15795,0.0
15796,0.0
15797,0.0
15798,0.0
15800,0.0
15801,0.0
15804,0.0
15806,0.0
15807,0.0
15810,0.0
15811,0.0
15813,0.0
15814,0.0
15816,0.0
15817,0.0
15818,0.0
15819,0.0
15820,0.0
15821,0.0
15823,0.0
15824,0.0
15826,0.0
15827,0.0
15833,0.0
15842,0.0
15844,0.0
15847,0.0
15852,0.0
15853,0.0
15857,0.0
15859,0.0
15863,0.0
15864,0.0
15866,0.0
15868,0.0
15869,0.0
15871,0.0
15872,0.0
15875,0.0
15876,0.0
15879,0.0
15881,0.0
15883,0.0
15884,0.0
15885,0.0
15886,0.0
15887,0.0
15888,0.0
15889,0.0
15890,0.0
15891,0.0
15892,0.0
15893,0.0
15894,0.0
15895,0.0
15896,0.0
15898,0.0
15899,0.0
15900,0.0
15901,0.0
15903,0.0
15906,0.0
15907,0.0
15908,0.0
15913,0.0
15919,0.0
15920,0.0
15921,0.0
15922,0.0
15928,0.0
15929,0.0
15930,0.0
15931,0.0
15932,0.0
15936,0.0
15937,0.0
15940,0.0
15943,0.0
15945,0.0
15947,0.0
15948,0.0
15949,0.0
15951,0.0
15953,0.0
15958,0.0
15960,0.0
15961,0.0
15963,0.0
15968,0.0
15970,0.0
15972,0.0
15973,0.0
15975,0.0
15976,0.0
15977,0.0
15978,0.0
15980,0.0
15981,0.0
15984,0.0
15985,0.0
15988,0.0
15991,0.0
15992,0.0
15994,0.0
15996,0.0
15997,0.0
15999,0.0
16000,0.0
16001,0.0
16002,0.0
16004,0.0
16007,0.0
16008,0.0
16015,0.0
16017,0.0
16019,0.0
16021,0.0
16024,0.0
16028,0.0
16029,0.0
16031,0.0
16032,0.0
16034,0.0
16035,0.0
16037,0.0
16039,0.0
16040,0.0
16041,0.0
16042,0.0
16043,0.0
16046,0.0
16048,0.0
16049,0.0
16052,0.0
16053,0.0
16054,0.0
16056,0.0
16057,0.0
16058,0.0
16067,0.0
16068,0.0
16069,0.0
16071,0.0
16074,0.0
16075,0.0
16077,0.0
16084,0.0
16086,0.0
16087,0.0
16089,0.0
16091,0.0
16093,0.0
16094,0.0
16095,0.0
16096,0.0
16099,0.0
16104,0.0
16105,0.0
16106,0.0
16107,0.0
16111,0.0
16113,0.0
16115,0.0
16117,0.0
16120,0.0
16122,0.0
16123,0.0
16124,0.0
16128,0.0
16130,0.0
16131,0.0
16136,0.0
16139,0.0
16140,0.0
16141,0.0
16142,0.0
16143,0.0
16146,0.0
16149,0.0
16150,0.0
16151,0.0
16152,0.0
16154,0.0
16155,0.0
16156,0.0
16159,0.0
16160,0.0
16161,0.0
16163,0.0
16170,0.0
16172,0.0
16173,0.0
16174,0.0
16175,0.0
16180,0.0
16181,0.0
16189,0.0
16190,0.0
16191,0.0
16192,0.0
16193,0.0
16195,0.0
16197,0.0
16199,0.0
16200,0.0
16201,0.0
16202,0.0
16203,0.0
16205,0.0
16209,0.0
16213,0.0
16214,0.0
16215,0.0
16218,0.0
16219,0.0
16221,0.0
16224,0.0
16225,0.0
16226,0.0
16227,0.0
16231,0.0
16233,0.0
16234,0.0
16235,0.0
16238,0.0
16241,0.0
16244,0.0
16245,0.0
16246,0.0
16247,0.0
16250,0.0
16251,0.0
16252,0.0
16254,0.0
16256,0.0
16257,0.0
16260,0.0
16261,0.0
16264,0.0
16270,0.0
16271,0.0
16272,0.0
16274,0.0
16275,0.0
16276,0.0
16283,0.0
16284,0.0
16286,0.0
16288,0.0
16290,0.0
16291,0.0
16294,0.0
16296,0.0
16297,0.0
16298,0.0
16300,0.0
16302,0.0
16303,0.0
16304,0.0
16305,0.0
16306,0.0
16310,0.0
16312,0.0
16314,0.0
16318,0.0
16320,0.0
16321,0.0
16322,0.0
16323,0.0
16324,0.0
16326,0.0
16329,0.0
16330,0.0
16331,0.0
16332,0.0
16333,0.0
16335,0.0
16339,0.0
16342,0.0
16343,0.0
16345,0.0
16347,0.0
16349,0.0
16350,0.0
16353,0.0
16356,0.0
16359,0.0
16360,0.0
16361,0.0
16370,0.0
16371,0.0
16372,0.0
16373,0.0
16374,0.0
16375,0.0
16376,0.0
16380,0.0
16382,0.0
16383,0.0
16384,0.0
16385,0.0
16386,0.0
16387,0.0
16389,0.0
16390,0.0
16391,0.0
16393,0.0
16394,0.0
16396,0.0
16398,0.0
16399,0.0
16402,0.0
16405,0.0
16406,0.0
16407,0.0
16408,0.0
16410,0.0
16412,0.0
16413,0.0
16414,0.0
16415,0.0
16417,0.0
16418,0.0
16422,0.0
16423,0.0
16429,0.0
16432,0.0
16434,0.0
16435,0.0
16438,0.0
16439,0.0
16440,0.0
16442,0.0
16443,0.0
16447,0.0
16450,0.0
16453,0.0
16457,0.0
16458,0.0
16462,0.0
16465,0.0
16466,0.0
16467,0.0
16469,0.0
16475,0.0
16476,0.0
16477,0.0
16478,0.0
16479,0.0
16481,0.0
16482,0.0
16484,0.0
16485,0.0
16488,0.0
16489,0.0
16491,0.0
16493,0.0
16494,0.0
16495,0.0
16496,0.0
16499,0.0
16502,0.0
16503,0.0
16505,0.0
16506,0.0
16512,0.0
16513,0.0
16514,0.0
16515,0.0
16517,0.0
16520,0.0
16523,0.0
16524,0.0
16527,0.0
16530,0.0
16531,0.0
16533,0.0
16534,0.0
16535,0.0
16540,0.0
16541,0.0
16544,0.0
16546,0.0
16548,0.0
16549,0.0
16550,0.0
16551,0.0
16553,0.0
16556,0.0
16557,0.0
16558,0.0
16559,0.0
16560,0.0
16561,0.0
16563,0.0
16564,0.0
16565,0.0
16566,0.0
16567,0.0
16568,0.0
16571,0.0
16576,0.0
16577,0.0
16581,0.0
16585,0.0
16586,0.0
16591,0.0
16592,0.0
16593,0.0
16598,0.0
16599,0.0
16600,0.0
16601,0.0
16602,0.0
16604,0.0
16605,0.0
16607,0.0
16609,0.0
16613,0.0
16615,0.0
16619,0.0
16620,0.0
16628,0.0
16629,0.0
16630,0.0
16631,0.0
16632,0.0
16636,0.0
16637,0.0
16638,0.0
16639,0.0
16643,0.0
16644,0.0
16646,0.0
16647,0.0
16648,0.0
16652,0.0
16654,0.0
16655,0.0
16656,0.0
16658,0.0
16659,0.0
16660,0.0
16663,0.0
16664,0.0
16666,0.0
16667,0.0
16668,0.0
16672,0.0
16673,0.0
16675,0.0
16676,0.0
16677,0.0
16678,0.0
16679,0.0
16680,0.0
16681,0.0
16685,0.0
16693,0.0
16694,0.0
16697,0.0
16698,0.0
16699,0.0
16700,0.0
16704,0.0
16705,0.0
16706,0.0
16709,0.0
16710,0.0
16712,0.0
16718,0.0
16720,0.0
16721,0.0
16722,0.0
16723,0.0
16727,0.0
16730,0.0
16732,0.0
16733,0.0
16734,0.0
16735,0.0
16736,0.0
16737,0.0
16742,0.0
16744,0.0
16747,0.0
16748,0.0
16750,0.0
16752,0.0
16753,0.0
16755,0.0
16756,0.0
16757,0.0
16759,0.0
16761,0.0
16765,0.0
16769,0.0
16771,0.0
16772,0.0
16773,0.0
16779,0.0
16780,0.0
16784,0.0
16788,0.0
16790,0.0
16794,0.0
16795,0.0
16797,0.0
16798,0.0
16799,0.0
16801,0.0
16802,0.0
16803,0.0
16804,0.0
16806,0.0
16810,0.0
16811,0.0
16815,0.0
16817,0.0
16818,0.0
16819,0.0
16822,0.0
16824,0.0
16825,0.0
16830,0.0
16832,0.0
16833,0.0
16836,0.0
16837,0.0
16839,0.0
16840,0.0
16841,0.0
16842,0.0
16844,0.0
16846,0.0
16847,0.0
16848,0.0
16849,0.0
16851,0.0
16852,0.0
16855,0.0
16856,0.0
16857,0.0
16858,0.0
16859,0.0
16860,0.0
16862,0.0
16865,0.0
16869,0.0
16870,0.0
16872,0.0
16874,0.0
16875,0.0
16881,0.0
16885,0.0
16887,0.0
16888,0.0
16889,0.0
16891,0.0
16893,0.0
16894,0.0
16896,0.0
16897,0.0
16898,0.0
16901,0.0
16905,0.0
16909,0.0
16912,0.0
16913,0.0
16920,0.0
16921,0.0
16923,0.0
16925,0.0
16926,0.0
16928,0.0
16929,0.0
16932,0.0
16933,0.0
16937,0.0
16938,0.0
16940,0.0
16941,0.0
16942,0.0
16946,0.0
16950,0.0
16951,0.0
16953,0.0
16955,0.0
16956,0.0
16957,0.0
16959,0.0
16960,0.0
16961,0.0
16962,0.0
16965,0.0
16968,0.0
16969,0.0
16970,0.0
16971,0.0
16974,0.0
16976,0.0
16977,0.0
16979,0.0
16981,0.0
16982,0.0
16983,0.0
16984,0.0
16986,0.0
16987,0.0
16991,0.0
16994,0.0
16998,0.0
17001,0.0
17004,0.0
17005,0.0
17006,0.0
17008,0.0
17010,0.0
17011,0.0
17013,0.0
17014,0.0
17015,0.0
17017,0.0
17020,0.0
17025,0.0
17026,0.0
17029,0.0
17030,0.0
17032,0.0
17033,0.0
17034,0.0
17035,0.0
17037,0.0
17038,0.0
17041,0.0
17042,0.0
17043,0.0
17047,0.0
17049,0.0
17052,0.0
17053,0.0
17054,0.0
17055,0.0
17057,0.0
17058,0.0
17059,0.0
17062,0.0
17064,0.0
17066,0.0
17071,0.0
17072,0.0
17074,0.0
17075,0.0
17076,0.0
17077,0.0
17078,0.0
17079,0.0
17084,0.0
17085,0.0
17088,0.0
17092,0.0
17096,0.0
17097,0.0
17098,0.0
17099,0.0
17100,0.0
17101,0.0
17102,0.0
17103,0.0
17105,0.0
17106,0.0
17108,0.0
17110,0.0
17114,0.0
17116,0.0
17119,0.0
17120,0.0
17123,0.0
17124,0.0
17125,0.0
17126,0.0
17127,0.0
17131,0.0
17132,0.0
17133,0.0
17135,0.0
17137,0.0
17138,0.0
17141,0.0
17142,0.0
17143,0.0
17144,0.0
17145,0.0
17146,0.0
17150,0.0
17152,0.0
17155,0.0
17156,0.0
17157,0.0
17158,0.0
17162,0.0
17163,0.0
17165,0.0
17166,0.0
17167,0.0
17168,0.0
17171,0.0
17172,0.0
17174,0.0
17179,0.0
17183,0.0
17184,0.0
17187,0.0
17189,0.0
17190,0.0
17191,0.0
17192,0.0
17195,0.0
17196,0.0
17198,0.0
17199,0.0
17202,0.0
17203,0.0
17204,0.0
17205,0.0
17206,0.0
17208,0.0
17209,0.0
17213,0.0
17216,0.0
17217,0.0
17220,0.0
17222,0.0
17223,0.0
17225,0.0
17226,0.0
17229,0.0
17230,0.0
17231,0.0
17233,0.0
17236,0.0
17237,0.0
17239,0.0
17243,0.0
17244,0.0
17245,0.0
17247,0.0
17248,0.0
17249,0.0
17250,0.0
17252,0.0
17254,0.0
17256,0.0
17257,0.0
17260,0.0
17261,0.0
17262,0.0
17263,0.0
17264,0.0
17266,0.0
17270,0.0
17273,0.0
17275,0.0
17276,0.0
17277,0.0
17279,0.0
17280,0.0
17281,0.0
17282,0.0
17286,0.0
17289,0.0
17291,0.0
17295,0.0
17297,0.0
17298,0.0
17299,0.0
17300,0.0
17301,0.0
17302,0.0
17303,0.0
17304,0.0
17306,0.0
17307,0.0
17308,0.0
17310,0.0
17317,0.0
17318,0.0
17320,0.0
17321,0.0
17323,0.0
17324,0.0
17325,0.0
17326,0.0
17330,0.0
17332,0.0
17334,0.0
17338,0.0
17342,0.0
17343,0.0
17345,0.0
17346,0.0
17351,0.0
17353,0.0
17356,0.0
17357,0.0
17358,0.0
17360,0.0
17361,0.0
17365,0.0
17367,0.0
17368,0.0
17371,0.0
17372,0.0
17377,0.0
17378,0.0
17381,0.0
17382,0.0
17384,0.0
17388,0.0
17390,0.0
17396,0.0
17399,0.0
17400,0.0
17401,0.0
17403,0.0
17404,0.0
17405,0.0
17410,0.0
17411,0.0
17412,0.0
17414,0.0
17417,0.0
17418,0.0
17419,0.0
17422,0.0
17423,0.0
17424,0.0
17426,0.0
17427,0.0
17431,0.0
17435,0.0
17437,0.0
17440,0.0
17442,0.0
17444,0.0
17445,0.0
17447,0.0
17448,0.0
17449,0.0
17450,0.0
17452,0.0
17455,0.0
17460,0.0
17461,0.0
17462,0.0
17463,0.0
17466,0.0
17467,0.0
17468,0.0
17469,0.0
17473,0.0
17475,0.0
17478,0.0
17482,0.0
17484,0.0
17485,0.0
17490,0.0
17492,0.0
17493,0.0
17499,0.0
17502,0.0
17503,0.0
17507,0.0
17508,0.0
17510,0.0
17511,0.0
17513,0.0
17515,0.0
17516,0.0
17517,0.0
17519,0.0
17520,0.0
17522,0.0
17523,0.0
17524,0.0
17529,0.0
17531,0.0
17533,0.0
17534,0.0
17536,0.0
17537,0.0
17538,0.0
17541,0.0
17542,0.0
17544,0.0
17548,0.0
17554,0.0
17555,0.0
17556,0.0
17557,0.0
17564,0.0
17566,0.0
17567,0.0
17571,0.0
17572,0.0
17577,0.0
17579,0.0
17580,0.0
17582,0.0
17584,0.0
17587,0.0
17589,0.0
17590,0.0
17591,0.0
17593,0.0
17595,0.0
17596,0.0
17600,0.0
17606,0.0
17607,0.0
17609,0.0
17611,0.0
17613,0.0
17615,0.0
17616,0.0
17618,0.0
17621,0.0
17626,0.0
17630,0.0
17631,0.0
17632,0.0
17636,0.0
17637,0.0
17638,0.0
17639,0.0
17640,0.0
17641,0.0
17643,0.0
17645,0.0
17646,0.0
17648,0.0
17649,0.0
17652,0.0
17653,0.0
17655,0.0
17657,0.0
17659,0.0
17660,0.0
17662,0.0
17663,0.0
17667,0.0
17671,0.0
17676,0.0
17677,0.0
17679,0.0
17682,0.0
17683,0.0
17684,0.0
17686,0.0
17689,0.0
17696,0.0
17699,0.0
17700,0.0
17701,0.0
17703,0.0
17704,0.0
17705,0.0
17706,0.0
17708,0.0
17709,0.0
17710,0.0
17711,0.0
17712,0.0
17714,0.0
17715,0.0
17716,0.0
17718,0.0
17720,0.0
17722,0.0
17726,0.0
17727,0.0
17729,0.0
17730,0.0
17731,0.0
17733,0.0
17734,0.0
17735,0.0
17737,0.0
17738,0.0
17739,0.0
17740,0.0
17741,0.0
17742,0.0
17748,0.0
17749,0.0
17751,0.0
17754,0.0
17755,0.0
17758,0.0
17759,0.0
17760,0.0
17761,0.0
17762,0.0
17765,0.0
17766,0.0
17769,0.0
17770,0.0
17777,0.0
17779,0.0
17782,0.0
17783,0.0
17786,0.0
17789,0.0
17791,0.0
17793,0.0
17795,0.0
17801,0.0
17802,0.0
17803,0.0
17804,0.0
17805,0.0
17806,0.0
17807,0.0
17808,0.0
17810,0.0
17813,0.0
17815,0.0
17816,0.0
17817,0.0
17821,0.0
17822,0.0
17823,0.0
17824,0.0
17825,0.0
17830,0.0
17832,0.0
17833,0.0
17836,0.0
17837,0.0
17838,0.0
17841,0.0
17845,0.0
17847,0.0
17849,0.0
17850,0.0
17853,0.0
17854,0.0
17857,0.0
17860,0.0
17862,0.0
17863,0.0
17864,0.0
17865,0.0
17866,0.0
17867,0.0
17868,0.0
17870,0.0
17871,0.0
17872,0.0
17874,0.0
17875,0.0
17878,0.0
17884,0.0
17885,0.0
17886,0.0
17889,0.0
17895,0.0
17904,0.0
17907,0.0
17909,0.0
17912,0.0
17913,0.0
17917,0.0
17918,0.0
17919,0.0
17923,0.0
17929,0.0
17930,0.0
17932,0.0
17933,0.0
17934,0.0
17935,0.0
17937,0.0
17938,0.0
17940,0.0
17942,0.0
17943,0.0
17944,0.0
17948,0.0
17949,0.0
17950,0.0
17951,0.0
17954,0.0
17958,0.0
17959,0.0
17960,0.0
17964,0.0
17967,0.0
17973,0.0
17974,0.0
17975,0.0
17978,0.0
17979,0.0
17981,0.0
17983,0.0
17984,0.0
17985,0.0
17986,0.0
17987,0.0
17988,0.0
17993,0.0
17994,0.0
17997,0.0
17998,0.0
17999,0.0
18000,0.0
18002,0.0
18003,0.0
18004,0.0
18005,0.0
18007,0.0
18008,0.0
18009,0.0
18014,0.0
18015,0.0
18017,0.0
18022,0.0
18026,0.0
18027,0.0
18028,0.0
18029,0.0
18030,0.0
18036,0.0
18037,0.0
18038,0.0
18041,0.0
18044,0.0
18045,0.0
18050,0.0
18051,0.0
18052,0.0
18053,0.0
18055,0.0
18056,0.0
18059,0.0
18060,0.0
18062,0.0
18064,0.0
18065,0.0
18067,0.0
18069,0.0
18072,0.0
18076,0.0
18078,0.0
18079,0.0
18080,0.0
18082,0.0
18089,0.0
18090,0.0
18091,0.0
18092,0.0
18093,0.0
18094,0.0
18096,0.0
18097,0.0
18099,0.0
18100,0.0
18103,0.0
18104,0.0
18105,0.0
18107,0.0
18108,0.0
18109,0.0
18111,0.0
18115,0.0
18117,0.0
18118,0.0
18119,0.0
18120,0.0
18121,0.0
18122,0.0
18123,0.0
18125,0.0
18128,0.0
18129,0.0
18131,0.0
18132,0.0
18135,0.0
18136,0.0
18137,0.0
18138,0.0
18140,0.0
18142,0.0
18143,0.0
18144,0.0
18146,0.0
18147,0.0
18148,0.0
18149,0.0
18153,0.0
18154,0.0
18158,0.0
18159,0.0
18161,0.0
18165,0.0
18170,0.0
18171,0.0
18173,0.0
18175,0.0
18177,0.0
18178,0.0
18179,0.0
18188,0.0
18191,0.0
18192,0.0
18194,0.0
18197,0.0
18202,0.0
18206,0.0
18210,0.0
18212,0.0
18215,0.0
18217,0.0
18218,0.0
18220,0.0
18222,0.0
18227,0.0
18228,0.0
18229,0.0
18231,0.0
18232,0.0
18238,0.0
18239,0.0
18241,0.0
18242,0.0
18243,0.0
18244,0.0
18245,0.0
18247,0.0
18248,0.0
18251,0.0
18252,0.0
18254,0.0
18255,0.0
18256,0.0
18257,0.0
18258,0.0
18261,0.0
18269,0.0
18270,0.0
18272,0.0
18273,0.0
18274,0.0
18275,0.0
18277,0.0
18278,0.0
18280,0.0
18281,0.0
18282,0.0
18283,0.0
18284,0.0
18285,0.0
18286,0.0
18287,0.0
18288,0.0
18291,0.0
18295,0.0
18297,0.0
18299,0.0
18300,0.0
18307,0.0
18308,0.0
18309,0.0
18310,0.0
18314,0.0
18316,0.0
18319,0.0
18325,0.0
18327,0.0
18330,0.0
18334,0.0
18335,0.0
18336,0.0
18340,0.0
18343,0.0
18344,0.0
18345,0.0
18346,0.0
18349,0.0
18351,0.0
18352,0.0
18355,0.0
18356,0.0
18357,0.0
18358,0.0
18359,0.0
18360,0.0
18365,0.0
18367,0.0
18368,0.0
18376,0.0
18379,0.0
18384,0.0
18385,0.0
18387,0.0
18388,0.0
18389,0.0
18392,0.0
18393,0.0
18396,0.0
18399,0.0
18403,0.0
18405,0.0
18409,0.0
18411,0.0
18412,0.0
18413,0.0
18414,0.0
18416,0.0
18417,0.0
18418,0.0
18419,0.0
18420,0.0
18422,0.0
18423,0.0
18425,0.0
18428,0.0
18429,0.0
18432,0.0
18434,0.0
18437,0.0
18438,0.0
18439,0.0
18442,0.0
18443,0.0
18444,0.0
18447,0.0
18449,0.0
18450,0.0
18451,0.0
18453,0.0
18454,0.0
18458,0.0
18460,0.0
18461,0.0
18462,0.0
18464,0.0
18466,0.0
18467,0.0
18470,0.0
18474,0.0
18475,0.0
18476,0.0
18477,0.0
18478,0.0
18479,0.0
18480,0.0
18484,0.0
18488,0.0
18490,0.0
18491,0.0
18494,0.0
18495,0.0
18498,0.0
18499,0.0
18500,0.0
18502,0.0
18503,0.0
18504,0.0
18506,0.0
18508,0.0
18509,0.0
18511,0.0
18513,0.0
18515,0.0
18516,0.0
18517,0.0
18518,0.0
18525,0.0
18526,0.0
18527,0.0
18528,0.0
18533,0.0
18536,0.0
18537,0.0
18538,0.0
18542,0.0
18544,0.0
18546,0.0
18550,0.0
18554,0.0
18556,0.0
18557,0.0
18559,0.0
18560,0.0
18562,0.0
18564,0.0
18567,0.0
18571,0.0
18573,0.0
18574,0.0
18575,0.0
18577,0.0
18578,0.0
18579,0.0
18585,0.0
18587,0.0
18589,0.0
18590,0.0
18591,0.0
18594,0.0
18595,0.0
18597,0.0
18598,0.0
18599,0.0
18601,0.0
18602,0.0
18604,0.0
18607,0.0
18609,0.0
18610,0.0
18616,0.0
18617,0.0
18619,0.0
18622,0.0
18623,0.0
18625,0.0
18627,0.0
18628,0.0
18634,0.0
18635,0.0
18636,0.0
18637,0.0
18642,0.0
18643,0.0
18644,0.0
18646,0.0
18647,0.0
18648,0.0
18649,0.0
18650,0.0
18651,0.0
18652,0.0
18653,0.0
18656,0.0
18657,0.0
18658,0.0
18659,0.0
18660,0.0
18661,0.0
18662,0.0
18668,0.0
18669,0.0
18673,0.0
18676,0.0
18677,0.0
18678,0.0
18679,0.0
18681,0.0
18683,0.0
18684,0.0
18688,0.0
18691,0.0
18692,0.0
18694,0.0
18695,0.0
18697,0.0
18699,0.0
18701,0.0
18708,0.0
18711,0.0
18712,0.0
18714,0.0
18715,0.0
18716,0.0
18717,0.0
18718,0.0
18719,0.0
18720,0.0
18725,0.0
18729,0.0
18730,0.0
18731,0.0
18732,0.0
18733,0.0
18734,0.0
18738,0.0
18739,0.0
18742,0.0
18744,0.0
18745,0.0
18747,0.0
18748,0.0
18751,0.0
18752,0.0
18753,0.0
18756,0.0
18765,0.0
18766,0.0
18772,0.0
18775,0.0
18778,0.0
18779,0.0
18781,0.0
18782,0.0
18783,0.0
18785,0.0
18789,0.0
18790,0.0
18792,0.0
18793,0.0
18794,0.0
18795,0.0
18796,0.0
18797,0.0
18799,0.0
18801,0.0
18802,0.0
18803,0.0
18806,0.0
18807,0.0
18809,0.0
18810,0.0
18814,0.0
18815,0.0
18816,0.0
18819,0.0
18820,0.0
18821,0.0
18824,0.0
18826,0.0
18828,0.0
18829,0.0
18831,0.0
18832,0.0
18833,0.0
18835,0.0
18837,0.0
18841,0.0
18843,0.0
18845,0.0
18849,0.0
18850,0.0
18852,0.0
18853,0.0
18854,0.0
18856,0.0
18857,0.0
18858,0.0
18859,0.0
18860,0.0
18862,0.0
18863,0.0
18864,0.0
18865,0.0
18870,0.0
18871,0.0
18872,0.0
18881,0.0
18883,0.0
18885,0.0
18887,0.0
18888,0.0
18889,0.0
18890,0.0
18891,0.0
18892,0.0
18895,0.0
18898,0.0
18899,0.0
18900,0.0
18906,0.0
18910,0.0
18911,0.0
18914,0.0
18915,0.0
18916,0.0
18917,0.0
18919,0.0
18920,0.0
18921,0.0
18925,0.0
18928,0.0
18930,0.0
18933,0.0
18936,0.0
18937,0.0
18938,0.0
18939,0.0
18941,0.0
18944,0.0
18946,0.0
18948,0.0
18951,0.0
18955,0.0
18956,0.0
18957,0.0
18959,0.0
18961,0.0
18965,0.0
18967,0.0
18968,0.0
18973,0.0
18974,0.0
18976,0.0
18978,0.0
18984,0.0
18990,0.0
18991,0.0
18994,0.0
18998,0.0
19000,0.0
19001,0.0
19002,0.0
19003,0.0
19006,0.0
19009,0.0
19012,0.0
19017,0.0
19018,0.0
19019,0.0
19021,0.0
19022,0.0
19023,0.0
19027,0.0
19028,0.0
19031,0.0
19032,0.0
19034,0.0
19035,0.0
19036,0.0
19040,0.0
19043,0.0
19047,0.0
19048,0.0
19050,0.0
19053,0.0
19055,0.0
19056,0.0
19057,0.0
19058,0.0
19059,0.0
19060,0.0
19065,0.0
19066,0.0
19068,0.0
19071,0.0
19073,0.0
19074,0.0
19078,0.0
19080,0.0
19081,0.0
19082,0.0
19083,0.0
19085,0.0
19088,0.0
19089,0.0
19092,0.0
19093,0.0
19094,0.0
19097,0.0
19098,0.0
19100,0.0
19101,0.0
19103,0.0
19104,0.0
19105,0.0
19108,0.0
19109,0.0
19113,0.0
19114,0.0
19115,0.0
19118,0.0
19120,0.0
19121,0.0
19122,0.0
19130,0.0
19131,0.0
19134,0.0
19137,0.0
19140,0.0
19141,0.0
19146,0.0
19148,0.0
19149,0.0
19150,0.0
19151,0.0
19153,0.0
19154,0.0
19155,0.0
19157,0.0
19158,0.0
19160,0.0
19164,0.0
19166,0.0
19168,0.0
19171,0.0
19172,0.0
19174,0.0
19176,0.0
19180,0.0
19181,0.0
19182,0.0
19183,0.0
19187,0.0
19189,0.0
19190,0.0
19194,0.0
19195,0.0
19197,0.0
19199,0.0
19201,0.0
19202,0.0
19203,0.0
19205,0.0
19211,0.0
19212,0.0
19213,0.0
19215,0.0
19216,0.0
19217,0.0
19218,0.0
19223,0.0
19224,0.0
19225,0.0
19226,0.0
19228,0.0
19231,0.0
19233,0.0
19235,0.0
19236,0.0
19242,0.0
19245,0.0
19249,0.0
19250,0.0
19251,0.0
19252,0.0
19253,0.0
19254,0.0
19256,0.0
19257,0.0
19260,0.0
19261,0.0
19263,0.0
19264,0.0
19265,0.0
19266,0.0
19267,0.0
19269,0.0
19271,0.0
19274,0.0
19277,0.0
19279,0.0
19281,0.0
19282,0.0
19283,0.0
19284,0.0
19285,0.0
19286,0.0
19289,0.0
19290,0.0
19291,0.0
19292,0.0
19293,0.0
19294,0.0
19297,0.0
19299,0.0
19300,0.0
19301,0.0
19302,0.0
19305,0.0
19306,0.0
19313,0.0
19316,0.0
19317,0.0
19319,0.0
19321,0.0
19322,0.0
19323,0.0
19326,0.0
19328,0.0
19329,0.0
19330,0.0
19332,0.0
19333,0.0
19337,0.0
19339,0.0
19340,0.0
19341,0.0
19342,0.0
19343,0.0
19345,0.0
19346,0.0
19349,0.0
19350,0.0
19352,0.0
19353,0.0
19354,0.0
19358,0.0
19359,0.0
19361,0.0
19362,0.0
19365,0.0
19366,0.0
19367,0.0
19368,0.0
19371,0.0
19375,0.0
19377,0.0
19384,0.0
19386,0.0
19387,0.0
19389,0.0
19391,0.0
19392,0.0
19396,0.0
19397,0.0
19400,0.0
19401,0.0
19404,0.0
19406,0.0
19407,0.0
19409,0.0
19414,0.0
19418,0.0
19420,0.0
19421,0.0
19424,0.0
19425,0.0
19426,0.0
19428,0.0
19430,0.0
19432,0.0
19433,0.0
19435,0.0
19437,0.0
19438,0.0
19440,0.0
19450,0.0
19451,0.0
19453,0.0
19456,0.0
19458,0.0
19459,0.0
19462,0.0
19465,0.0
19466,0.0
19468,0.0
19471,0.0
19475,0.0
19477,0.0
19478,0.0
19479,0.0
19482,0.0
19483,0.0
19484,0.0
19485,0.0
19488,0.0
19490,0.0
19491,0.0
19492,0.0
19494,0.0
19495,0.0
19499,0.0
19500,0.0
19502,0.0
19504,0.0
19506,0.0
19509,0.0
19510,0.0
19512,0.0
19514,0.0
19515,0.0
19516,0.0
19521,0.0
19527,0.0
19530,0.0
19532,0.0
19535,0.0
19537,0.0
19541,0.0
19542,0.0
19544,0.0
19546,0.0
19547,0.0
19548,0.0
19550,0.0
19552,0.0
19553,0.0
19555,0.0
19556,0.0
19558,0.0
19562,0.0
19566,0.0
19569,0.0
19570,0.0
19571,0.0
19572,0.0
19577,0.0
19579,0.0
19580,0.0
19582,0.0
19584,0.0
19586,0.0
19592,0.0
19595,0.0
19596,0.0
19597,0.0
19598,0.0
19601,0.0
19603,0.0
19605,0.0
19610,0.0
19611,0.0
19612,0.0
19613,0.0
19614,0.0
19617,0.0
19620,0.0
19621,0.0
19622,0.0
19624,0.0
19625,0.0
19626,0.0
19628,0.0
19629,0.0
19631,0.0
19632,0.0
19633,0.0
19634,0.0
19635,0.0
19636,0.0
19637,0.0
19642,0.0
19644,0.0
19651,0.0
19653,0.0
19655,0.0
19658,0.0
19661,0.0
19662,0.0
19666,0.0
19667,0.0
19668,0.0
19669,0.0
19670,0.0
19675,0.0
19676,0.0
19678,0.0
19679,0.0
19680,0.0
19681,0.0
19683,0.0
19684,0.0
19687,0.0
19688,0.0
19692,0.0
19693,0.0
19697,0.0
19698,0.0
19704,0.0
19705,0.0
19706,0.0
19709,0.0
19710,0.0
19711,0.0
19713,0.0
19716,0.0
19718,0.0
19720,0.0
19724,0.0
19726,0.0
19727,0.0
19728,0.0
19730,0.0
19733,0.0
19735,0.0
19737,0.0
19739,0.0
19742,0.0
19743,0.0
19745,0.0
19746,0.0
19751,0.0
19753,0.0
19754,0.0
19755,0.0
19758,0.0
19759,0.0
19761,0.0
19764,0.0
19767,0.0
19771,0.0
19772,0.0
19774,0.0
19776,0.0
19778,0.0
19780,0.0
19782,0.0
19783,0.0
19784,0.0
19785,0.0
19786,0.0
19787,0.0
19788,0.0
19790,0.0
19791,0.0
19793,0.0
19796,0.0
19797,0.0
19798,0.0
19799,0.0
19800,0.0
19803,0.0
19804,0.0
19805,0.0
19807,0.0
19809,0.0
19810,0.0
19811,0.0
19812,0.0
19813,0.0
19815,0.0
19816,0.0
19817,0.0
19819,0.0
19822,0.0
19823,0.0
19829,0.0
19835,0.0
19836,0.0
19837,0.0
19838,0.0
19839,0.0
19840,0.0
19841,0.0
19850,0.0
19851,0.0
19853,0.0
19854,0.0
19860,0.0
19861,0.0
19862,0.0
19863,0.0
19864,0.0
19865,0.0
19872,0.0
19873,0.0
19877,0.0
19878,0.0
19879,0.0
19884,0.0
19885,0.0
19886,0.0
19887,0.0
19890,0.0
19893,0.0
19897,0.0
19899,0.0
19900,0.0
19904,0.0
19905,0.0
19910,0.0
19912,0.0
19913,0.0
19917,0.0
19921,0.0
19923,0.0
19924,0.0
19925,0.0
19927,0.0
19933,0.0
19935,0.0
19936,0.0
19941,0.0
19942,0.0
19945,0.0
19947,0.0
19950,0.0
19951,0.0
19953,0.0
19956,0.0
19958,0.0
19959,0.0
19961,0.0
19969,0.0
19970,0.0
19972,0.0
19973,0.0
19979,0.0
19980,0.0
19983,0.0
19984,0.0
19985,0.0
19992,0.0
19995,0.0
19997,0.0
19998,0.0
19999,0.0
20000,0.0
20001,0.0
20006,0.0
20008,0.0
20011,0.0
20012,0.0
20014,0.0
20015,0.0
20016,0.0
20019,0.0
20021,0.0
20022,0.0
20026,0.0
20028,0.0
20029,0.0
20030,0.0
20033,0.0
20040,0.0
20042,0.0
20047,0.0
20051,0.0
20052,0.0
20057,0.0
20058,0.0
20059,0.0
20060,0.0
20063,0.0
20064,0.0
20065,0.0
20066,0.0
20067,0.0
20068,0.0
20070,0.0
20071,0.0
20072,0.0
20074,0.0
20075,0.0
20078,0.0
20079,0.0
20080,0.0
20082,0.0
20084,0.0
20085,0.0
20086,0.0
20087,0.0
20089,0.0
20090,0.0
20093,0.0
20094,0.0
20096,0.0
20097,0.0
20099,0.0
20100,0.0
20101,0.0
20104,0.0
20105,0.0
20107,0.0
20108,0.0
20109,0.0
20112,0.0
20116,0.0
20118,0.0
20119,0.0
20120,0.0
20121,0.0
20122,0.0
20125,0.0
20126,0.0
20131,0.0
20133,0.0
20134,0.0
20135,0.0
20137,0.0
20139,0.0
20140,0.0
20142,0.0
20144,0.0
20148,0.0
20149,0.0
20150,0.0
20151,0.0
20154,0.0
20155,0.0
20158,0.0
20159,0.0
20160,0.0
20162,0.0
20164,0.0
20169,0.0
20171,0.0
20174,0.0
20181,0.0
20183,0.0
20185,0.0
20186,0.0
20187,0.0
20189,0.0
20191,0.0
20192,0.0
20193,0.0
20194,0.0
20197,0.0
20200,0.0
20202,0.0
20203,0.0
20204,0.0
20205,0.0
20206,0.0
20207,0.0
20211,0.0
20214,0.0
20215,0.0
20217,0.0
20219,0.0
20222,0.0
20223,0.0
20227,0.0
20228,0.0
20229,0.0
20230,0.0
20232,0.0
20233,0.0
20235,0.0
20237,0.0
20238,0.0
20241,0.0
20242,0.0
20245,0.0
20246,0.0
20249,0.0
20250,0.0
20252,0.0
20253,0.0
20255,0.0
20256,0.0
20258,0.0
20259,0.0
20261,0.0
20263,0.0
20266,0.0
20272,0.0
20273,0.0
20275,0.0
20276,0.0
20277,0.0
20279,0.0
20281,0.0
20284,0.0
20286,0.0
20287,0.0
20290,0.0
20291,0.0
20294,0.0
20297,0.0
20299,0.0
20300,0.0
20305,0.0
20306,0.0
20308,0.0
20310,0.0
20312,0.0
20313,0.0
20314,0.0
20319,0.0
20320,0.0
20321,0.0
20323,0.0
20325,0.0
20326,0.0
20330,0.0
20332,0.0
20333,0.0
20334,0.0
20335,0.0
20337,0.0
20339,0.0
20341,0.0
20342,0.0
20343,0.0
20345,0.0
20348,0.0
20350,0.0
20351,0.0
20352,0.0
20354,0.0
20356,0.0
20357,0.0
20358,0.0
20359,0.0
20360,0.0
20363,0.0
20364,0.0
20368,0.0
20373,0.0
20375,0.0
20377,0.0
20379,0.0
20381,0.0
20383,0.0
20384,0.0
20386,0.0
20390,0.0
20394,0.0
20396,0.0
20400,0.0
20402,0.0
20404,0.0
20405,0.0
20407,0.0
20408,0.0
20410,0.0
20414,0.0
20415,0.0
20416,0.0
20417,0.0
20418,0.0
20419,0.0
20420,0.0
20423,0.0
20424,0.0
20425,0.0
20427,0.0
20430,0.0
20431,0.0
20435,0.0
20437,0.0
20438,0.0
20443,0.0
20444,0.0
20445,0.0
20452,0.0
20455,0.0
20456,0.0
20458,0.0
20465,0.0
20471,0.0
20472,0.0
20473,0.0
20474,0.0
20478,0.0
20481,0.0
20483,0.0
20484,0.0
20488,0.0
20491,0.0
20493,0.0
20495,0.0
20496,0.0
20497,0.0
20498,0.0
20501,0.0
20502,0.0
20506,0.0
20507,0.0
20508,0.0
20511,0.0
20513,0.0
20514,0.0
20517,0.0
20518,0.0
20521,0.0
20522,0.0
20525,0.0
20527,0.0
20529,0.0
20530,0.0
20531,0.0
20532,0.0
20535,0.0
20539,0.0
20540,0.0
20543,0.0
20544,0.0
20545,0.0
20547,0.0
20551,0.0
20554,0.0
20561,0.0
20562,0.0
20563,0.0
20564,0.0
20566,0.0
20567,0.0
20569,0.0
20571,0.0
20572,0.0
20575,0.0
20577,0.0
20578,0.0
20579,0.0
20580,0.0
20582,0.0
20584,0.0
20589,0.0
20591,0.0
20592,0.0
20593,0.0
20594,0.0
20595,0.0
20597,0.0
20598,0.0
20599,0.0
20600,0.0
20601,0.0
20602,0.0
20605,0.0
20608,0.0
20611,0.0
20612,0.0
20613,0.0
20614,0.0
20616,0.0
20617,0.0
20619,0.0
20620,0.0
20622,0.0
20623,0.0
20627,0.0
20632,0.0
20635,0.0
20637,0.0
20638,0.0
20642,0.0
20648,0.0
20649,0.0
20650,0.0
20653,0.0
20657,0.0
20658,0.0
20659,0.0
20661,0.0
20664,0.0
20665,0.0
20667,0.0
20669,0.0
20672,0.0
20673,0.0
20674,0.0
20677,0.0
20679,0.0
20680,0.0
20681,0.0
20682,0.0
20683,0.0
20684,0.0
20687,0.0
20691,0.0
20693,0.0
20694,0.0
20695,0.0
20696,0.0
20698,0.0
20699,0.0
20700,0.0
20701,0.0
20702,0.0
20703,0.0
20706,0.0
20707,0.0
20712,0.0
20718,0.0
20719,0.0
20721,0.0
20722,0.0
20723,0.0
20724,0.0
20725,0.0
20730,0.0
20732,0.0
20736,0.0
20737,0.0
20738,0.0
20739,0.0
20741,0.0
20743,0.0
20744,0.0
20745,0.0
20746,0.0
20747,0.0
20748,0.0
20749,0.0
20750,0.0
20755,0.0
20756,0.0
20758,0.0
20759,0.0
20761,0.0
20764,0.0
20765,0.0
20767,0.0
20771,0.0
20774,0.0
20775,0.0
20776,0.0
20778,0.0
20781,0.0
20782,0.0
20784,0.0
20786,0.0
20787,0.0
20793,0.0
20794,0.0
20795,0.0
20796,0.0
20799,0.0
20800,0.0
20801,0.0
20802,0.0
20804,0.0
20805,0.0
20806,0.0
20808,0.0
20811,0.0
20814,0.0
20815,0.0
20819,0.0
20821,0.0
20826,0.0
20830,0.0
20831,0.0
20833,0.0
20835,0.0
20837,0.0
20839,0.0
20841,0.0
20842,0.0
20844,0.0
20845,0.0
20846,0.0
20847,0.0
20850,0.0
20856,0.0
20858,0.0
20860,0.0
20864,0.0
20866,0.0
20868,0.0
20871,0.0
20875,0.0
20876,0.0
20877,0.0
20879,0.0
20880,0.0
20881,0.0
20882,0.0
20884,0.0
20888,0.0
20889,0.0
20892,0.0
20894,0.0
20897,0.0
20898,0.0
20899,0.0
20902,0.0
20903,0.0
20905,0.0
20910,0.0
20911,0.0
20912,0.0
20916,0.0
20917,0.0
20918,0.0
20920,0.0
20921,0.0
20922,0.0
20924,0.0
20925,0.0
20928,0.0
20929,0.0
20932,0.0
20933,0.0
20935,0.0
20937,0.0
20938,0.0
20940,0.0
20944,0.0
20945,0.0
20949,0.0
20951,0.0
20952,0.0
20954,0.0
20955,0.0
20956,0.0
20960,0.0
20961,0.0
20962,0.0
20965,0.0
20971,0.0
20973,0.0
20977,0.0
20980,0.0
20981,0.0
20982,0.0
20983,0.0
20985,0.0
20987,0.0
20988,0.0
20991,0.0
20992,0.0
20995,0.0
20997,0.0
20998,0.0
20999,0.0
21001,0.0
21004,0.0
21006,0.0
21007,0.0
21008,0.0
21009,0.0
21013,0.0
21014,0.0
21019,0.0
21020,0.0
21021,0.0
21026,0.0
21029,0.0
21030,0.0
21032,0.0
21033,0.0
21034,0.0
21036,0.0
21037,0.0
21039,0.0
21040,0.0
21042,0.0
21043,0.0
21045,0.0
21046,0.0
21049,0.0
21050,0.0
21051,0.0
21052,0.0
21054,0.0
21058,0.0
21063,0.0
21066,0.0
21068,0.0
21069,0.0
21072,0.0
21074,0.0
21078,0.0
21081,0.0
21082,0.0
21083,0.0
21084,0.0
21085,0.0
21090,0.0
21091,0.0
21095,0.0
21098,0.0
21099,0.0
21102,0.0
21104,0.0
21106,0.0
21107,0.0
21109,0.0
21112,0.0
21114,0.0
21115,0.0
21118,0.0
21120,0.0
21122,0.0
21123,0.0
21125,0.0
21126,0.0
21127,0.0
21129,0.0
21132,0.0
21136,0.0
21137,0.0
21139,0.0
21141,0.0
21142,0.0
21148,0.0
21149,0.0
21151,0.0
21153,0.0
21154,0.0
21157,0.0
21158,0.0
21161,0.0
21165,0.0
21166,0.0
21171,0.0
21172,0.0
21173,0.0
21175,0.0
21177,0.0
21178,0.0
21179,0.0
21180,0.0
21181,0.0
21184,0.0
21189,0.0
21190,0.0
21192,0.0
21200,0.0
21201,0.0
21202,0.0
21203,0.0
21204,0.0
21205,0.0
21206,0.0
21209,0.0
21211,0.0
21214,0.0
21217,0.0
21218,0.0
21219,0.0
21221,0.0
21223,0.0
21227,0.0
21228,0.0
21229,0.0
21230,0.0
21231,0.0
21237,0.0
21238,0.0
21240,0.0
21241,0.0
21242,0.0
21245,0.0
21246,0.0
21253,0.0
21256,0.0
21258,0.0
21262,0.0
21263,0.0
21265,0.0
21268,0.0
21271,0.0
21280,0.0
21282,0.0
21283,0.0
21284,0.0
21288,0.0
21291,0.0
21293,0.0
21296,0.0
21299,0.0
21300,0.0
21305,0.0
21311,0.0
21313,0.0
21315,0.0
21317,0.0
21318,0.0
21319,0.0
21320,0.0
21321,0.0
21322,0.0
21325,0.0
21327,0.0
21328,0.0
21329,0.0
21331,0.0
21333,0.0
21334,0.0
21336,0.0
21338,0.0
21342,0.0
21343,0.0
21344,0.0
21347,0.0
21348,0.0
21349,0.0
21350,0.0
21352,0.0
21355,0.0
21358,0.0
21360,0.0
21362,0.0
21364,0.0
21365,0.0
21366,0.0
21367,0.0
21369,0.0
21372,0.0
21373,0.0
21374,0.0
21377,0.0
21381,0.0
21382,0.0
21387,0.0
21389,0.0
21390,0.0
21391,0.0
21392,0.0
21398,0.0
21399,0.0
21402,0.0
21403,0.0
21404,0.0
21405,0.0
21407,0.0
21409,0.0
21411,0.0
21413,0.0
21414,0.0
21418,0.0
21421,0.0
21422,0.0
21423,0.0
21424,0.0
21425,0.0
21427,0.0
21429,0.0
21431,0.0
21434,0.0
21435,0.0
21439,0.0
21441,0.0
21444,0.0
21446,0.0
21447,0.0
21450,0.0
21451,0.0
21454,0.0
21455,0.0
21456,0.0
21457,0.0
21459,0.0
21460,0.0
21466,0.0
21470,0.0
21472,0.0
21473,0.0
21474,0.0
21475,0.0
21478,0.0
21479,0.0
21480,0.0
21481,0.0
21482,0.0
21483,0.0
21488,0.0
21492,0.0
21494,0.0
21497,0.0
21499,0.0
21500,0.0
21502,0.0
21506,0.0
21508,0.0
21509,0.0
21510,0.0
21511,0.0
21512,0.0
21515,0.0
21516,0.0
21517,0.0
21519,0.0
21522,0.0
21523,0.0
21524,0.0
21528,0.0
21529,0.0
21530,0.0
21531,0.0
21532,0.0
21533,0.0
21535,0.0
21536,0.0
21539,0.0
21541,0.0
21542,0.0
21545,0.0
21546,0.0
21548,0.0
21549,0.0
21552,0.0
21553,0.0
21557,0.0
21558,0.0
21559,0.0
21560,0.0
21561,0.0
21563,0.0
21564,0.0
21566,0.0
21567,0.0
21573,0.0
21574,0.0
21576,0.0
21577,0.0
21578,0.0
21582,0.0
21584,0.0
21586,0.0
21587,0.0
21590,0.0
21592,0.0
21595,0.0
21596,0.0
21597,0.0
21602,0.0
21611,0.0
21615,0.0
21617,0.0
21621,0.0
21623,0.0
21624,0.0
21626,0.0
21627,0.0
21629,0.0
21636,0.0
21640,0.0
21641,0.0
21642,0.0
21645,0.0
21652,0.0
21653,0.0
21655,0.0
21656,0.0
21658,0.0
21659,0.0
21660,0.0
21662,0.0
21666,0.0
21667,0.0
21668,0.0
21670,0.0
21671,0.0
21673,0.0
21675,0.0
21676,0.0
21677,0.0
21678,0.0
21682,0.0
21683,0.0
21685,0.0
21686,0.0
21687,0.0
21689,0.0
21695,0.0
21700,0.0
21701,0.0
21705,0.0
21706,0.0
21711,0.0
21713,0.0
21714,0.0
21715,0.0
21716,0.0
21719,0.0
21720,0.0
21721,0.0
21723,0.0
21724,0.0
21728,0.0
21729,0.0
21730,0.0
21731,0.0
21732,0.0
21735,0.0
21743,0.0
21745,0.0
21748,0.0
21749,0.0
21751,0.0
21753,0.0
